name,episodes,bilibili,illegal site
Horimiya: Piece,13,/2084370,-
幻日のヨハネ -SUNSHINE in the MIRROR-,13,/2087474,-
ゾン100～ゾンビになるまでにしたい100のこと～,9,/2086292,-
Attack on Titan: The Final Season,16,/2080142,-
Jujutsu Kaisen,24,/2086149,-
Re:Zero - Starting Life in Another World Part 2,12,/2080341,-
Demon Slayer: Kimetsu no Yaiba,26,/2084443,-
My Hero Academia Season 5,25,/2085025,-
ゾン100～ゾンビになるまでにしたい100のこと～,11,/2086292,-
ゾン100～ゾンビになるまでにしたい100のこと～,12,/2086292,-
ゾン100～ゾンビになるまでにしたい100のこと～,12,/2086292,-
ゾン100～ゾンビになるまでにしたい100のこと～,12,/2086292,-
ゾン100～ゾンビになるまでにしたい100のこと～,12,/2086292,-
ゾン100～ゾンビになるまでにしたい100のこと～,12,/2086292,-
ゾン100～ゾンビになるまでにしたい100のこと～,12,/2086292,-
ゾン100～ゾンビになるまでにしたい100のこと～,12,/2086292,-
ゾン100～ゾンビになるまでにしたい100のこと～,12,/2086292,-
ゾン100～ゾンビになるまでにしたい100のこと～,12,/2086292,-
ゾン100～ゾンビになるまでにしたい100のこと～,12,/2086292,-
ゾン100～ゾンビになるまでにしたい100のこと～,12,/2086292,-
ゾン100～ゾンビになるまでにしたい100のこと～,12,/2086292,-
ゾン100～ゾンビになるまでにしたい100のこと～,12,/2086292,-
ゾン100～ゾンビになるまでにしたい100のこと～,12,/2086292,-
ゾン100～ゾンビになるまでにしたい100のこと～,12,/2086292,-
ゾン100～ゾンビになるまでにしたい100のこと～,12,/2086292,-
ゾン100～ゾンビになるまでにしたい100のこと～,12,/2086292,-
ゾン100～ゾンビになるまでにしたい100のこと～,12,/2086292,-
ゾン100～ゾンビになるまでにしたい100のこと～,12,/2086292,-
ゾン100～ゾンビになるまでにしたい100のこと～,12,/2086292,-
ゾン100～ゾンビになるまでにしたい100のこと～,12,/2086292,-
ゾン100～ゾンビになるまでにしたい100のこと～,12,/2086292,-
ゾン100～ゾンビになるまでにしたい100のこと～,12,/2086292,-
ゾン100～ゾンビになるまでにしたい100のこと～,12,/2086292,-
ゾン100～ゾンビになるまでにしたい100のこと～,12,/2086292,-
ゾン100～ゾンビになるまでにしたい100のこと～,12,/2086292,-
ゾン100～ゾンビになるまでにしたい100のこと～,12,/2086292,-
ゾン100～ゾンビになるまでにしたい100のこと～,12,/2086292,-
ゾン100～ゾンビになるまでにしたい100のこと～,12,/2086292,-
ゾン100～ゾンビになるまでにしたい100のこと～,12,/2086292,-
ゾン100～ゾンビになるまでにしたい100のこと～,12,/2086292,-
ゾン100～ゾンビになるまでにしたい100のこと～,12,/2086292,-
ゾン100～ゾンビになるまでにしたい100のこと～,12,/2086292,-
ゾン100～ゾンビになるまでにしたい100のこと～,12,/2086292,-
ゾン100～ゾンビになるまでにしたい100のこと～,12,/2086292,-
ゾン100～ゾンビになるまでにしたい100のこと～,12,/2086292,-
ゾン100～ゾンビになるまでにしたい100のこと～,12,/2086292,-
ゾン100～ゾンビになるまでにしたい100のこと～,12,/2086292,-
ゾン100～ゾンビになるまでにしたい100のこと～,12,/2086292,-
ゾン100～ゾンビになるまでにしたい100のこと～,12,/2086292,-
ゾン100～ゾンビになるまでにしたい100のこと～,12,/2086292,-
ゾン100～ゾンビになるまでにしたい100のこと～,12,/2086292,-
ゾン100～ゾンビになるまでにしたい100のこと～,12,/2086292,-
ゾン100～ゾンビになるまでにしたい100のこと～,12,/2086292,-
ゾン100～ゾンビになるまでにしたい100のこと～,12,/2086292,-
ゾン100～ゾンビになるまでにしたい100のこと～,12,/2086292,-
ゾン100～ゾンビになるまでにしたい100のこと～,12,/2086292,-
ゾン100～ゾンビになるまでにしたい100のこと～,12,/2086292,-
ゾン100～ゾンビになるまでにしたい100のこと～,12,/2086292,-
ゾン100～ゾンビになるまでにしたい100のこと～,12,/2086292,-
ゾン100～ゾンビになるまでにしたい100のこと～,12,/2086292,-
ゾン100～ゾンビになるまでにしたい100のこと～,12,/2086292,-
ゾン100～ゾンビになるまでにしたい100のこと～,12,/2086292,-
ゾン100～ゾンビになるまでにしたい100のこと～,12,/2086292,-
ゾン100～ゾンビになるまでにしたい100のこと～,12,/2086292,-
ゾン100～ゾンビになるまでにしたい100のこと～,12,/2086292,-
ゾン100～ゾンビになるまでにしたい100のこと～,12,/2086292,-
ゾン100～ゾンビになるまでにしたい100のこと～,12,/2086292,-
ゾン100～ゾンビになるまでにしたい100のこと～,12,/2086292,-
ゾン100～ゾンビになるまでにしたい100のこと～,12,/2086292,-
ゾン100～ゾンビになるまでにしたい100のこと～,12,/2086292,-
ゾン100～ゾンビになるまでにしたい100のこと～,12,/2086292,-
ゾン100～ゾンビになるまでにしたい100のこと～,12,/2086292,-
ゾン100～ゾンビになるまでにしたい100のこと～,12,/2086292,-
ゾン100～ゾンビになるまでにしたい100のこと～,12,/2086292,-
ゾン100～ゾンビになるまでにしたい100のこと～,12,/2086292,-
ゾン100～ゾンビになるまでにしたい100のこと～,12,/2086292,-
ゾン100～ゾンビになるまでにしたい100のこと～,12,/2086292,-
ゾン100～ゾンビになるまでにしたい100のこと～,12,/2086292,-
ゾン100～ゾンビになるまでにしたい100のこと～,12,/2086292,-
ゾン100～ゾンビになるまでにしたい100のこと～,12,/2086292,-
ゾン100～ゾンビになるまでにしたい100のこと～,12,/2086292,-
ゾン100～ゾンビになるまでにしたい100のこと～,12,/2086292,-
ゾン100～ゾンビになるまでにしたい100のこと～,12,/2086292,-
ゾン100～ゾンビになるまでにしたい100のこと～,12,/2086292,-
ゾン100～ゾンビになるまでにしたい100のこと～,12,/2086292,-
ゾン100～ゾンビになるまでにしたい100のこと～,12,/2086292,-
ゾン100～ゾンビになるまでにしたい100のこと～,12,/2086292,-
ゾン100～ゾンビになるまでにしたい100のこと～,12,/2086292,-
ゾン100～ゾンビになるまでにしたい100のこと～,12,/2086292,-
ゾン100～ゾンビになるまでにしたい100のこと～,12,/2086292,-
ゾン100～ゾンビになるまでにしたい100のこと～,12,/2086292,-
ゾン100～ゾンビになるまでにしたい100のこと～,12,/2086292,-
ゾン100～ゾンビになるまでにしたい100のこと～,12,/2086292,-
ゾン100～ゾンビになるまでにしたい100のこと～,12,/2086292,-
ゾン100～ゾンビになるまでにしたい100のこと～,12,/2086292,-
ゾン100～ゾンビになるまでにしたい100のこと～,12,/2086292,-
ゾン100～ゾンビになるまでにしたい100のこと～,12,/2086292,-
ゾン100～ゾンビになるまでにしたい100のこと～,12,/2086292,-
ゾン100～ゾンビになるまでにしたい100のこと～,12,/2086292,-
ゾン100～ゾンビになるまでにしたい100のこと～,12,/2086292,-
ゾン100～ゾンビになるまでにしたい100のこと～,12,/2086292,-
ゾン100～ゾンビになるまでにしたい100のこと～,12,/2086292,-
ゾン100～ゾンビになるまでにしたい100のこと～,12,/2086292,-
ゾン100～ゾンビになるまでにしたい100のこと～,12,/2086292,-
ゾン100～ゾンビになるまでにしたい100のこと～,12,/2086292,-
ゾン100～ゾンビになるまでにしたい100のこと～,12,/2086292,-
ゾン100～ゾンビになるまでにしたい100のこと～,12,/2086292,-
ゾン100～ゾンビになるまでにしたい100のこと～,12,/2086292,-
ゾン100～ゾンビになるまでにしたい100のこと～,12,/2086292,-
ゾン100～ゾンビになるまでにしたい100のこと～,12,/2086292,-
ゾン100～ゾンビになるまでにしたい100のこと～,12,/2086292,-
ゾン100～ゾンビになるまでにしたい100のこと～,12,/2086292,-
ゾン100～ゾンビになるまでにしたい100のこと～,12,/2086292,-
ゾン100～ゾンビになるまでにしたい100のこと～,12,/2086292,-
ゾン100～ゾンビになるまでにしたい100のこと～,12,/2086292,-
ゾン100～ゾンビになるまでにしたい100のこと～,12,/2086292,-
ゾン100～ゾンビになるまでにしたい100のこと～,12,/2086292,-
ゾン100～ゾンビになるまでにしたい100のこと～,12,/2086292,-
ゾン100～ゾンビになるまでにしたい100のこと～,12,/2086292,-
ゾン100～ゾンビになるまでにしたい100のこと～,12,/2086292,-
ゾン100～ゾンビになるまでにしたい100のこと～,12,/2086292,-
ゾン100～ゾンビになるまでにしたい100のこと～,12,/2086292,-
ゾン100～ゾンビになるまでにしたい100のこと～,12,/2086292,-
ゾン100～ゾンビになるまでにしたい100のこと～,12,/2086292,-
ゾン100～ゾンビになるまでにしたい100のこと～,12,/2086292,-
ゾン100～ゾンビになるまでにしたい100のこと～,12,/2086292,-
ゾン100～ゾンビになるまでにしたい100のこと～,12,/2086292,-
ゾン100～ゾンビになるまでにしたい100のこと～,12,/2086292,-
ゾン100～ゾンビになるまでにしたい100のこと～,12,/2086292,-
ゾン100～ゾンビになるまでにしたい100のこと～,12,/2086292,-
ゾン100～ゾンビになるまでにしたい100のこと～,12,/2086292,-
ゾン100～ゾンビになるまでにしたい100のこと～,12,/2086292,-
ゾン100～ゾンビになるまでにしたい100のこと～,12,/2086292,-
ゾン100～ゾンビになるまでにしたい100のこと～,12,/2086292,-
ゾン100～ゾンビになるまでにしたい100のこと～,12,/2086292,-
ゾン100～ゾンビになるまでにしたい100のこと～,12,/2086292,-
ゾン100～ゾンビになるまでにしたい100のこと～,12,/2086292,-
ゾン100～ゾンビになるまでにしたい100のこと～,12,/2086292,-
ゾン100～ゾンビになるまでにしたい100のこと～,12,/2086292,-
ゾン100～ゾンビになるまでにしたい100のこと～,12,/2086292,-
ゾン100～ゾンビになるまでにしたい100のこと～,12,/2086292,-
ゾン100～ゾンビになるまでにしたい100のこと～,12,/2086292,-
ゾン100～ゾンビになるまでにしたい100のこと～,12,/2086292,-
ゾン100～ゾンビになるまでにしたい100のこと～,12,/2086292,-
ゾン100～ゾンビになるまでにしたい100のこと～,12,/2086292,-
ゾン100～ゾンビになるまでにしたい100のこと～,12,/2086292,-
ゾン100～ゾンビになるまでにしたい100のこと～,12,/2086292,-
ゾン100～ゾンビになるまでにしたい100のこと～,12,/2086292,-
ゾン100～ゾンビになるまでにしたい100のこと～,12,/2086292,-
ゾン100～ゾンビになるまでにしたい100のこと～,12,/2086292,-
ゾン100～ゾンビになるまでにしたい100のこと～,12,/2086292,-
ゾン100～ゾンビになるまでにしたい100のこと～,12,/2086292,-
ゾン100～ゾンビになるまでにしたい100のこと～,12,/2086292,-
ゾン100～ゾンビになるまでにしたい100のこと～,12,/2086292,-
